{
  "[2.93513, 3.21439, 1.33753, 2.36758, 1.92282, 5.37675, 3.50846]": [
    4036.0,
    142.0
  ],
  "[1.4439, 0.59145, -0.56368, 1.15265, -3.93208, 2.81279, 0.97161]": [
    60.0,
    29.9
  ],
  "[-1.91254, 2.47552, -3.10594, -2.65894, -2.72804, 4.82974, 4.19566]": [
    0.0,
    6.8
  ],
  "[2.87305, 6.10765, -6.49837, -1.12914, -4.1125, 1.05935, 1.4331]": [
    0.0,
    12.7
  ],
  "[-0.17107, 2.56943, -0.63303, 2.20207, 0.209, 0.25437, -0.52375]": [
    138.0,
    41.1
  ],
  "[2.02589, 1.07556, 2.60681, 1.87277, 2.6075, 2.87195, 1.27289]": [
    290.0,
    51.8
  ],
  "[1.24853, 9.72488, 2.0357, 1.76361, 2.06365, 2.49003, 2.21375]": [
    932.0,
    91.1
  ],
  "[3.35803, 5.79539, 2, 1.02312, 0.64227, 2, 7.71004]": [
    1208.0,
    102.7
  ],
  "[0.8294, 10.14421, 1.85812, 2, 0.86808, 2, 8.88109]": [
    636.0,
    74.3
  ],
  "[2, 7.91796, 0.75937, 2, 2, 6.12216, 6.16149]": [
    1086.0,
    101.6
  ],
  "[4.13873, 1.32092, 2, 3.35539, 2, 6.2234, 8.32639]": [
    382.0,
    57.5
  ],
  "[11.67282, 2, 2, 9.53255, 5.93811, 9.42026, 5.12901]": [
    244.0,
    49.1
  ],
  "[1.36916, 3.81583, 2, 2.21074, 0.29379, 6.18402, 8.56576]": [
    604.0,
    71.2
  ],
  "[2.70843, 9.65964, 3.40228, 7.90099, 7.21968, 10.54334, 11.60588]": [
    364.0,
    55.8
  ],
  "[20.0035, 0.17787, 0.86646, 0.35157, 1.77834, 1.84692, 9.31247]": [
    7484.0,
    300.5
  ],
  "[1.2041, 0.98458, 0.31797, 0.56723, 1.83742, 1.66469, 0.13096]": [
    930.0,
    92.0
  ],
  "[2.04318, 1.32408, 0.78857, 2, 0.942, 1.8231, 0.14951]": [
    346.0,
    55.6
  ],
  "[19.29699, 0.73294, 0.15547, 1.71493, 0.22385, 1.98162, 10.45255]": [
    5972.0,
    324.1
  ],
  "[19.96928, 0.68725, 0.82797, 0.85968, 1.24147, 1.91674, 10.16965]": [
    7388.0,
    291.1
  ],
  "[19.53448, 1.01442, 0.84437, 2, 2.24533, 2.3852, 10.16106]": [
    4232.0,
    269.1
  ],
  "[19.70821, 0.42947, 1.05537, 2.55274, 1.68907, 2.98831, 9.54555]": [
    2424.0,
    171.0
  ],
  "[20.04062, 2, 1.79085, 2.55497, 0.9421, 2.41078, 9.03256]": [
    2590.0,
    180.7
  ],
  "[20.88946, 2.27378, 1.92979, 3.39986, 1.62613, 2.30811, 9.84335]": [
    838.0,
    86.4
  ],
  "[21.05436, 0.75946, 1.19895, 1.00822, 0.07075, 1.00386, 9.13461]": [
    7438.0,
    399.8
  ],
  "[20.82068, 0.97773, 1.5557, 1.18164, 0.39322, 2.08508, 9.402]": [
    3380.0,
    199.8
  ],
  "[20.03095, 0.56839, 1.62055, 0.27209, 0.23577, 3.02572, 10.12586]": [
    7034.0,
    377.3
  ],
  "[19.53102, 1.08266, 2.19931, 1.19535, 0.36124, 2.04936, 9.36744]": [
    8378.0,
    422.0
  ]
}